{
  "openapi": "3.0.0",
  "info": {
    "title": "MauHeritage API",
    "version": "1.1.0",
    "description": "Official API documentation for the Mauritius Heritage Guide. This covers both Mobile endpoints and Admin CRUD operations."
  },
  "servers": [
    {
      "url": "http://localhost/MauritiusMap",
      "description": "Local WAMP Server"
    }
  ],
  "paths": {
    "/admin/login.php": {
      "post": {
        "summary": "Admin & User Login",
        "description": "Authenticates users and starts a PHP session.",
        "requestBody": {
          "content": {
            "application/x-www-form-urlencoded": {
              "schema": {
                "type": "object",
                "properties": {
                  "username": { "type": "string" },
                  "password": { "type": "string" }
                }
              }
            }
          }
        },
        "responses": {
          "200": { "description": "Successful login redirects to dashboard or mobile index" }
        }
      }
    },
    "/api/location.php": {
      "get": {
        "summary": "Get Location Details (for QR Scan)",
        "parameters": [
          { "name": "id", "in": "query", "required": true, "schema": { "type": "integer" } }
        ],
        "responses": {
          "200": { "description": "JSON object with site name, coordinates, and categories" }
        }
      }
    },
    "/admin/add_location.php": {
      "post": {
        "summary": "Create new Heritage Site",
        "description": "Admin endpoint to insert a new location into the database.",
        "responses": {
          "200": { "description": "Location created successfully" }
        }
      }
    },
    "/admin/delete_location.php": {
      "get": {
        "summary": "Delete a Site",
        "parameters": [
          { "name": "id", "in": "query", "required": true, "schema": { "type": "integer" } }
        ],
        "responses": {
          "200": { "description": "Site removed from database" }
        }
      }
    }
  }
}